{
  "serviceScore": 8.0,
  "coffeeScore": 5.0,
  "priceScore": 6.0,
  "foodScore": 7.5,
  "wouldRecommend": 6.5,
  "favoriteProduct": "Cappucino",
  "leastFavoriteProduct": "Granola",
  "areaToImprove": "MobileApp",
  "numberSurveyed": 500.0,
  "numberResponded": 325.0,
  "numberRewardsMembers": 130.0,
  "responses": [
    {
      "serviceScore": 8.5,
      "coffeeScore": 8.0,
      "priceScore": 7.0,
      "foodScore": 9.0,
      "wouldRecommend": 8.0,
      "favoriteProduct": "Latte",
      "leastFavoriteProduct": "Fruit",
      "areaToImprove": "MobileApp",
      "isRewardsMember": false,
      "emailAddress": "test1@sample.com",
      "comments": "Your mobile app is too slow."
    },
    {
      "serviceScore": 7.5,
      "coffeeScore": 10.0,
      "priceScore": 7.0,
      "foodScore": 6.0,
      "wouldRecommend": 8.0,
      "favoriteProduct": "Cappucino",
      "leastFavoriteProduct": "Fruit",
      "areaToImprove": "MobileApp",
      "isRewardsMember": false,
      "emailAddress": "test2@sample.com",
      "comments": "The mobile app looks bad on Android devices."
    },
    {
      "serviceScore": 8.5,
      "coffeeScore": 8.0,
      "priceScore": 6.5,
      "foodScore": 7.0,
      "wouldRecommend": 8.0,
      "favoriteProduct": "Americano",
      "leastFavoriteProduct": "Fruit",
      "areaToImprove": "Cleanliness",
      "isRewardsMember": false,
      "emailAddress": "test3@sample.com",
      "comments": "Overall I had a great experience, I like the store design."
    },
    {
      "serviceScore": 8.5,
      "coffeeScore": 9.0,
      "priceScore": 7.5,
      "foodScore": 5.0,
      "wouldRecommend": 4.0,
      "favoriteProduct": "Cappucino",
      "leastFavoriteProduct": "Fruit",
      "areaToImprove": "Pricing",
      "isRewardsMember": false,
      "emailAddress": "test4@sample.com",
      "comments": "The pickup area should be by the door. Also Your prices are much higher than the surrounding stores."
    },
    {
      "serviceScore": 8.5,
      "coffeeScore": 8.0,
      "priceScore": 6.5,
      "foodScore": 7.0,
      "wouldRecommend": 6.0,
      "favoriteProduct": "Iced Coffee",
      "leastFavoriteProduct": "Fruit",
      "areaToImprove": "Other",
      "isRewardsMember": false,
      "emailAddress": "test5@sample.com",
      "comments": "I like the stores but your coffee is too expensive."
    },
    {
      "serviceScore": 8.5,
      "coffeeScore": 8.0,
      "priceScore": 6.5,
      "foodScore": 7.0,
      "wouldRecommend": 7.5,
      "favoriteProduct": "Green tea macha",
      "leastFavoriteProduct": "Fruit",
      "areaToImprove": "MobileApp",
      "isRewardsMember": false,
      "emailAddress": "test6@sample.com",
      "comments": "Your staff are very friendly but your mobile app UI is too hard to use."
    },
    {
      "serviceScore": 8.5,
      "coffeeScore": 8.0,
      "priceScore": 6.5,
      "foodScore": 7.0,
      "wouldRecommend": 7.5,
      "favoriteProduct": "Green tea macha",
      "leastFavoriteProduct": "Fruit",
      "areaToImprove": "MobileApp",
      "isRewardsMember": false,
      "emailAddress": "test7@sample.com",
      "comments": "The mobile app is very slow during check out."
    },
    {
      "serviceScore": 8.5,
      "coffeeScore": 8.0,
      "priceScore": 6.5,
      "foodScore": 7.0,
      "wouldRecommend": 6.5,
      "favoriteProduct": "Green tea macha",
      "leastFavoriteProduct": "Fruit",
      "areaToImprove": "Pricing",
      "isRewardsMember": false,
      "emailAddress": "test8@sample.com",
      "comments": "So close to recommending but your prices are so high."
    }
  ]
}