{
  "serviceScore": 9.0,
  "coffeeScore": 9.0,
  "priceScore": 6.0,
  "foodScore": 8.5,
  "wouldRecommend": 4.5,
  "favoriteProduct": "Latte",
  "leastFavoriteProduct": "Fruit Cup",
  "areaToImprove": "Cleanliness",
  "numberSurveyed": 700.0,
  "numberResponded": 535.0,
  "numberRewardsMembers": 430.0,
  "responses": [
    {
      "serviceScore": 5.5,
      "coffeeScore": 9.0,
      "priceScore": 8.5,
      "foodScore": 7.0,
      "wouldRecommend": 7.0,
      "favoriteProduct": "Americano",
      "leastFavoriteProduct": "Energy Bar",
      "areaToImprove": "MobileApp",
      "isRewardsMember": true,
      "emailAddress": "test11@sample.com",
      "comments": "Your mobile is still not fixed."
    },
    {
      "serviceScore": 6.5,
      "coffeeScore": 9.0,
      "priceScore": 8.0,
      "foodScore": 6.5,
      "wouldRecommend": 7.0,
      "favoriteProduct": "Americano",
      "leastFavoriteProduct": "Brownie",
      "areaToImprove": "Pricing",
      "isRewardsMember": true,
      "emailAddress": "test12@sample.com",
      "comments": "Your specialty drinks are crazy expensive."
    },
    {
      "serviceScore": 8.5,
      "coffeeScore": 8.0,
      "priceScore": 6.5,
      "foodScore": 7.0,
      "wouldRecommend": 8.0,
      "favoriteProduct": "Americano",
      "leastFavoriteProduct": "Fruit",
      "areaToImprove": "Cleanliness",
      "isRewardsMember": false,
      "emailAddress": "test13@sample.com",
      "comments": "Overall I had a great experience, I like the store design, but the bathrooms were not clean."
    },
    {
      "serviceScore": 8.5,
      "coffeeScore": 9.0,
      "priceScore": 7.5,
      "foodScore": 5.0,
      "wouldRecommend": 4.0,
      "favoriteProduct": "Cappucino",
      "leastFavoriteProduct": "Fruit",
      "areaToImprove": "Pricing",
      "isRewardsMember": false,
      "emailAddress": "test14@sample.com",
      "comments": "Your prices are much higher than the surrounding stores."
    },
    {
      "serviceScore": 8.5,
      "coffeeScore": 8.0,
      "priceScore": 6.5,
      "foodScore": 7.0,
      "wouldRecommend": 6.0,
      "favoriteProduct": "Iced Coffee",
      "leastFavoriteProduct": "Fruit",
      "areaToImprove": "Pricing",
      "isRewardsMember": true,
      "emailAddress": "test15@sample.com",
      "comments": "Why did your prices go up?"
    },
    {
      "serviceScore": 8.5,
      "coffeeScore": 8.0,
      "priceScore": 6.5,
      "foodScore": 7.0,
      "wouldRecommend": 7.5,
      "favoriteProduct": "Green tea macha",
      "leastFavoriteProduct": "Fruit",
      "areaToImprove": "Cleanliness",
      "isRewardsMember": false,
      "emailAddress": "test16@sample.com",
      "comments": "The pickup area was a mess."
    },
    {
      "serviceScore": 8.5,
      "coffeeScore": 8.0,
      "priceScore": 6.5,
      "foodScore": 7.0,
      "wouldRecommend": 7.5,
      "favoriteProduct": "Green tea macha",
      "leastFavoriteProduct": "Fruit",
      "areaToImprove": "Pricing",
      "isRewardsMember": true,
      "emailAddress": "test17@sample.com",
      "comments": "Your food is too expensive."
    },
    {
      "serviceScore": 8.5,
      "coffeeScore": 9.0,
      "priceScore": 7.5,
      "foodScore": 7.5,
      "wouldRecommend": 7.5,
      "favoriteProduct": "Lemonade Tea",
      "leastFavoriteProduct": "Fruit",
      "areaToImprove": "Pricing",
      "isRewardsMember": true,
      "emailAddress": "test18@sample.com",
      "comments": "Everything costs more than your competitors."
    }
  ]
}